update,env_steps,lr,reward_per_step,cost_per_step,violation_rate,success_rate,mean_episode_length,steps_per_sec,policy_loss,value_loss,entropy,approx_kl,clip_frac
1,819200,0.0003,-0.004264041185379029,0.0012288375198841095,0.00388427734375,1.0,108.69852941176471,556523.5364402191,-0.008179257810115814,0.057935851812362674,1.8467849731445312,0.010506859421730042,0.14324257373809815
2,1638400,0.00029939999999999996,-0.00040381785482168197,0.0003129299730062485,0.000882568359375,1.0,285.14285714285717,752649.4301514493,-0.013276661932468414,0.01981954723596573,1.85369930267334,0.014220646023750306,0.20156638622283934
3,2457600,0.0002988,0.004618200361728668,0.00011764856055378913,0.000416259765625,1.0,475.88235294117646,758805.3279942989,-0.015228913724422454,0.011573252826929092,1.841333770751953,0.011661446839570998,0.16950975656509398
4,3276800,0.0002982,0.00827237606048584,0.00022210845723748208,0.000692138671875,1.0,683.5761589403974,760865.6311347941,-0.011309333890676499,0.018373017013072968,1.8118694305419922,0.009188923984766006,0.1271815061569214
5,4096000,0.00029759999999999997,0.0075640356540679935,0.001559014916419983,0.004447021484375,0.11728885358750331,980.6714323537199,767000.0397570126,-0.00510457307100296,0.07609214186668396,1.7814472198486329,0.0065199598670005795,0.08234471082687378
6,4915200,0.00029699999999999996,0.015521867275238037,0.0016379062831401825,0.00503173828125,0.8841530054644808,258.6666666666667,761233.3260110691,-0.004573479667305947,0.07805898785591125,1.749201202392578,0.005420766770839691,0.06368443965911866
7,5734400,0.0002964,0.008598171472549439,0.0012943460047245025,0.0037939453125,0.9800995024875622,288.61407249466953,766115.10153719,-0.004161839187145233,0.07088088393211364,1.723337173461914,0.005892367288470268,0.07264891862869263
8,6553600,0.0002958,0.011627304553985595,0.0011816304922103883,0.00381591796875,0.990489776509748,361.78934854969094,763966.5386427552,-0.003846447542309761,0.07015106081962585,1.6992992401123046,0.0051212992519140245,0.05964342951774597
9,7372800,0.00029519999999999997,0.013532365560531617,0.0012659108638763427,0.0040478515625,0.9921681780708986,365.28318219291015,765659.2188955257,-0.0035077363252639772,0.07627262473106385,1.6720115661621093,0.004898841679096222,0.05517786145210266
10,8192000,0.00029459999999999995,0.015393251180648803,0.0011675405502319337,0.003817138671875,0.9163575042158516,369.6735244519393,766457.2880852091,-0.0034829173237085342,0.0714263677597046,1.6457136154174805,0.00496525913476944,0.05420349240303039
11,9011200,0.000294,0.01970318078994751,0.001039539948105812,0.00337646484375,0.9850703416594889,244.343669250646,753502.7077751764,-0.0033440709114074705,0.0621942937374115,1.617852020263672,0.004541973769664765,0.045014765858650205
12,9830400,0.0002934,0.024698150157928467,0.0008894591033458709,0.002913818359375,0.9876889848812095,212.29784017278618,730976.9405973582,-0.0033881854265928268,0.04776909947395325,1.5860240936279297,0.004244785010814667,0.037262937426567076
13,10649600,0.00029279999999999996,0.031860184669494626,0.0011302879452705383,0.0038818359375,0.9895464508514584,166.8330804248862,753662.195618944,-0.0031621411442756655,0.05177420973777771,1.5577688217163086,0.004245052859187126,0.03798632025718689
14,11468800,0.00029219999999999995,0.04028458118438721,0.0010302703082561494,0.00341796875,0.9927681799919646,129.2406588991563,762118.5911276325,-0.0036034736782312392,0.038372179865837096,1.5325881958007812,0.004584424197673798,0.04357055723667145
15,12288000,0.0002916,0.048770384788513185,0.0010797902941703796,0.00346923828125,0.9982154807048851,102.50490742806157,736932.7582777294,-0.004130847007036209,0.03464123010635376,1.5048969268798829,0.005317576602101326,0.05580248236656189
16,13107200,0.00029099999999999997,0.05746230125427246,0.0011460840702056884,0.003536376953125,0.998764376009885,85.4824636441403,724563.0621954214,-0.0036780856549739837,0.03453698754310608,1.4767623901367188,0.005371524021029472,0.05560130476951599
17,13926400,0.00029039999999999996,0.06559904098510742,0.0011795251071453094,0.00361572265625,0.9994143239625167,72.95097054886212,752007.7724882065,-0.0038997173309326173,0.02908353805541992,1.4450565338134767,0.005878005549311638,0.06476929783821106
18,14745600,0.00028979999999999994,0.0718234920501709,0.0013745222985744477,0.004124755859375,0.9997697797559666,64.52352083493209,762875.6822395176,-0.0035936981439590454,0.03023153841495514,1.4125744819641113,0.006034448370337486,0.06708191037178039
19,15564800,0.0002892,0.07616007328033447,0.001271066814661026,0.003917236328125,0.9999272462713714,60.421025827573665,766300.8965975236,-0.0032807607203722,0.02630627155303955,1.3797409057617187,0.005913339555263519,0.06434740424156189
20,16384000,0.00028859999999999997,0.08117019653320312,0.0012482257187366485,0.0038720703125,0.9999315911889451,56.87884799562184,760349.6410800389,-0.003311123326420784,0.023478306829929352,1.349329948425293,0.006019701808691024,0.06664647459983826
21,17203200,0.00028799999999999995,0.08545976638793945,0.0013624221086502076,0.00433349609375,0.999870214146658,53.85879299156392,747902.4120909887,-0.002815113589167595,0.02354484051465988,1.3225107192993164,0.005667956545948982,0.06193467974662781
22,18022400,0.00028739999999999994,0.08845108032226562,0.0013427640497684478,0.004100341796875,0.9998737851823805,52.0283352265556,759489.566820077,-0.002701791934669018,0.02330576479434967,1.292856788635254,0.005762063339352608,0.062261343002319336
23,18841600,0.0002868,0.09096859931945801,0.0013092455267906188,0.003994140625,1.0,50.69170033051781,762302.352985623,-0.0022993335500359536,0.022696289420127868,1.2657160758972168,0.005340632051229477,0.05556713342666626
24,19660800,0.00028619999999999996,0.09394908905029296,0.0013838404417037965,0.00425537109375,1.0,49.37824974715926,767481.2059602711,-0.0021979138255119324,0.02151350975036621,1.2393592834472655,0.005278753116726875,0.052646970748901366
25,20480000,0.00028559999999999995,0.09625358581542968,0.0013485126197338103,0.0040380859375,1.0,47.605071205279614,747778.3914347786,-0.0019405368715524674,0.021400099992752074,1.2132580757141114,0.005008620023727417,0.04765858054161072
26,21299200,0.000285,0.09827756881713867,0.0012141037732362747,0.003853759765625,0.9999431947284708,46.87122244944331,768680.757800062,-0.0021031217649579046,0.0163364440202713,1.1857101440429687,0.005065334960818291,0.04823742210865021
27,22118400,0.0002844,0.09984438896179199,0.0012631802260875701,0.0039404296875,1.0,45.96310354451577,739491.9368289851,-0.00179994385689497,0.020339804887771606,1.1598366737365722,0.0048923704773187636,0.04588769674301148
28,22937600,0.00028379999999999996,0.10166315078735351,0.001184213012456894,0.00374755859375,1.0,45.17175004136562,767675.489649222,-0.0018438341096043587,0.016733191907405853,1.1352968215942383,0.0046628288924694065,0.04252990186214447
29,23756800,0.00028319999999999994,0.10327073097229005,0.0012723299860954284,0.00383056640625,1.0,44.3008897276894,772358.8698742554,-0.0017516665160655976,0.01793057769536972,1.1089818000793457,0.004830953106284142,0.04308275878429413
30,24576000,0.0002826,0.10408563613891601,0.0011846105009317399,0.0037255859375,1.0,44.14112275047005,765329.0406810885,-0.0013290831819176673,0.015839563310146333,1.0854068756103517,0.003947531059384346,0.03145458996295929
31,25395200,0.00028199999999999997,0.10587337493896484,0.001228015124797821,0.00372802734375,1.0,43.48871862615588,760483.7422158796,-0.0014489850029349328,0.01679293215274811,1.0600404739379883,0.004329350218176842,0.03583751618862152
32,26214400,0.00028139999999999996,0.10637880325317382,0.0011412929743528366,0.003511962890625,1.0,43.052346095107694,760949.7410523245,-0.0011806941591203212,0.014781007170677185,1.0382909774780273,0.0037906069308519365,0.02885046899318695
33,27033600,0.00028079999999999994,0.10805317878723145,0.0011221352219581604,0.0035791015625,1.0,42.60072370121478,757625.9957117625,-0.001298654731363058,0.013521374762058258,1.0166358947753906,0.003817274048924446,0.02981128394603729
34,27852800,0.0002802,0.10879489898681641,0.0011516639590263367,0.00359375,1.0,42.23965917893106,762183.4948465266,-0.000987394992262125,0.014110229909420013,0.9927500724792481,0.0036024369299411775,0.025981077551841737
35,28672000,0.00027959999999999997,0.10943782806396485,0.0012083961069583892,0.003743896484375,1.0,41.959825775044834,753588.7189842522,-0.0010102137923240662,0.014134034514427185,0.9685306549072266,0.0035519592463970186,0.025813111662864686
36,29491200,0.00027899999999999995,0.11022659301757813,0.001230859011411667,0.00383544921875,1.0,41.85004323719416,725843.6857115662,-0.0008616752922534943,0.014430023729801178,0.9480418205261231,0.003397434949874878,0.02577282190322876
37,30310400,0.0002784,0.1108616065979004,0.001291801631450653,0.0038720703125,1.0,41.39492863650167,731064.0693725457,-0.0009283771738409996,0.01453551948070526,0.9270792007446289,0.003700871020555496,0.025538575649261475
38,31129600,0.0002778,0.11143409729003906,0.0011807506531476975,0.003626708984375,1.0,41.07710783087315,738545.9433998863,-0.000829398911446333,0.012940919399261475,0.9063467979431152,0.0033467724919319154,0.022098146378993988
39,31948800,0.0002772,0.11195232391357422,0.0012816184759140016,0.00391845703125,1.0,40.97863290632506,758337.1797440888,-0.0006719808559864759,0.014720407128334046,0.8849318504333497,0.002769112214446068,0.018743038177490234
40,32768000,0.0002766,0.11266722679138183,0.0012210264801979065,0.0037255859375,1.0,40.74920729290527,762206.4167150803,-0.0007534855045378208,0.013382166624069214,0.8622459411621094,0.0032446768134832384,0.021455195546150208
41,33587200,0.000276,0.1128963851928711,0.001309655010700226,0.004091796875,1.0,40.6377502856859,753396.2125793077,-0.0007266245782375335,0.013905823230743408,0.8405574798583985,0.003288950026035309,0.02117993086576462
42,34406400,0.00027539999999999997,0.11359430313110351,0.0013238748908042908,0.003978271484375,1.0,40.47679429392243,759486.1799293996,-0.0006809111684560776,0.013507333397865296,0.8213352203369141,0.0029444748535752295,0.018894284963607788
43,35225600,0.0002748,0.1138586711883545,0.0012158505618572236,0.0036865234375,1.0,40.45834565710342,762858.5216624566,-0.0005889862775802612,0.01373540610074997,0.8000392913818359,0.0026930786669254305,0.016185300052165986
44,36044800,0.0002742,0.11408660888671875,0.0012228353321552276,0.003746337890625,1.0,40.24696753916417,760669.2297634775,-0.000583288911730051,0.01342950463294983,0.7757658004760742,0.002843591198325157,0.016773438453674315
45,36864000,0.0002736,0.11462390899658204,0.0012104375660419464,0.003702392578125,1.0,40.1064453125,763284.5754888548,-0.0004636479075998068,0.01304791122674942,0.7562588214874267,0.0024244308471679686,0.013934570550918578
46,37683200,0.00027299999999999997,0.11472084999084473,0.0012824337184429168,0.003837890625,1.0,39.9559413202934,755418.1482651073,-0.00045967502519488334,0.014735117554664612,0.7381056308746338,0.0027482621371746063,0.017105954885482787
47,38502400,0.0002724,0.11575608253479004,0.0011123752593994141,0.003472900390625,1.0,39.95041885836743,763913.5747473276,-0.0004212845116853714,0.012028234452009201,0.7202763557434082,0.0026611506938934324,0.01620446741580963
48,39321600,0.0002718,0.11554515838623047,0.001261773258447647,0.003857421875,1.0,39.70859356088114,760225.1832414631,-0.0005126297939568758,0.01459483802318573,0.6985896587371826,0.002859000489115715,0.018131715059280396
49,40140800,0.0002712,0.11583835601806641,0.001312786191701889,0.004036865234375,1.0,39.60491557404809,759228.1817479895,-0.0003975168336182833,0.013863368332386017,0.6800998687744141,0.002554371953010559,0.015186770260334015
50,40960000,0.00027059999999999996,0.11624910354614258,0.0013557195663452149,0.004166259765625,1.0,39.60298449799585,754301.2412243395,-0.00040311291813850404,0.013771077990531922,0.6639080047607422,0.0025613818317651747,0.013554443418979645
51,41779200,0.00027,0.11637601852416993,0.0012842878699302674,0.003837890625,1.0,39.354899135446686,742135.8638810274,-0.00034549571573734285,0.013135296106338502,0.6438937187194824,0.002265877276659012,0.011992675811052322
52,42598400,0.0002694,0.11674269676208496,0.001203828677535057,0.003692626953125,1.0,39.312217412217414,743231.7715069584,-0.000521177938207984,0.012033861130475998,0.6247610569000244,0.0027115097269415855,0.015609128773212433
53,43417600,0.0002688,0.1170494556427002,0.0012306435406208038,0.003714599609375,1.0,39.303305745586755,729287.7419855874,-0.0003144441172480583,0.012982523441314698,0.6085464000701905,0.0021206311881542205,0.011137937009334565
54,44236800,0.00026819999999999996,0.11740604400634766,0.0012521468102931975,0.00381103515625,1.0,39.23576260615074,756635.3547706306,-0.0004104218911379576,0.012118929624557495,0.592817735671997,0.002701060473918915,0.015390990674495697
55,45056000,0.0002676,0.11751598358154297,0.0013263019919395446,0.004013671875,1.0,39.195480819758274,739018.603231354,-0.0003752641147002578,0.013065457344055176,0.5790637493133545,0.0025221388787031174,0.013258911669254303
56,45875200,0.000267,0.11764891624450684,0.00117715984582901,0.003623046875,1.0,39.13117180785025,747404.053469283,-0.0004199953284114599,0.011471101641654968,0.5629890441894532,0.0023748381063342094,0.013879518210887908
57,46694400,0.00026639999999999997,0.11775166511535645,0.0013349556922912598,0.0039892578125,1.0,38.956166207093275,730613.235769844,-0.0003848590422421694,0.012559197843074799,0.5461149692535401,0.0025324968621134756,0.01448352187871933
58,47513600,0.00026579999999999996,0.11840608596801758,0.0012577009201049805,0.003721923828125,1.0,38.873843086999855,757270.2567072876,-0.0003298800205811858,0.012651284039020539,0.5297287940979004,0.0022608578205108643,0.012959839403629303
59,48332800,0.0002652,0.11790247917175294,0.0012529659271240234,0.003924560546875,1.0,38.94928088389371,751920.8351006744,-0.00029355853330343963,0.011840534955263137,0.514963960647583,0.002335001714527607,0.011195920407772064
60,49152000,0.0002646,0.11830378532409667,0.0012106850743293762,0.0036669921875,1.0,38.82427630643862,754330.8064069981,-0.0003340337425470352,0.011193959414958954,0.5009538650512695,0.002431279420852661,0.013998045027256012
61,49971200,0.00026399999999999997,0.11831262588500976,0.0011549197137355805,0.003570556640625,1.0,38.76271829916477,752477.4394983874,-0.000284989015199244,0.01108836531639099,0.4895756244659424,0.001968591846525669,0.009971800446510314
62,50790400,0.00026339999999999995,0.11843677520751954,0.0013019385933876037,0.0039599609375,1.0,38.899617003168,762489.1837555676,-0.00019044885411858558,0.012475141137838364,0.47715444564819337,0.001881207711994648,0.008922363072633744
63,51609600,0.0002628,0.1183353042602539,0.0013069011270999908,0.003988037109375,1.0,38.82932031472178,768174.2584045068,-0.00021978358272463084,0.012332429736852646,0.4612122535705566,0.001997767388820648,0.009562133252620697
64,52428800,0.0002622,0.1188787841796875,0.001220870316028595,0.003704833984375,1.0,38.62161907897831,763901.9321310708,-0.00031415526755154135,0.011820340901613236,0.4455430030822754,0.0021984338760375976,0.011309444904327393
65,53248000,0.00026159999999999996,0.1187520980834961,0.001357392966747284,0.0040966796875,1.0,38.665436479772886,767670.2251051613,-0.00023877741768956183,0.01280575841665268,0.4309225082397461,0.0021869264543056487,0.012093748152256011
66,54067200,0.000261,0.11934043884277344,0.0012088465690612794,0.003658447265625,1.0,38.55873508128935,767408.6313326325,-0.0002990993205457926,0.011451885849237443,0.41462001800537107,0.0021834488958120345,0.011481562256813049
67,54886400,0.0002604,0.11921244621276855,0.001288752257823944,0.003895263671875,1.0,38.56788727084217,764106.6961956555,-0.0002978340955451131,0.011741013079881669,0.4001723289489746,0.002205251902341843,0.009240234643220902
68,55705600,0.00025979999999999997,0.11940929412841797,0.0012071122229099273,0.00380859375,1.0,38.48790662791788,749811.5389348869,-0.00023382781073451043,0.010904676467180251,0.3860490798950195,0.0020246626809239388,0.00988147109746933
69,56524800,0.00025919999999999996,0.11952325820922852,0.0013644611835479737,0.00414306640625,1.0,38.52896571213263,745975.0434914286,-0.00020078015513718127,0.012829232215881347,0.37201199531555174,0.001969735324382782,0.00832495018839836
70,57344000,0.0002586,0.11945075035095215,0.0012028646469116212,0.00373291015625,1.0,38.48928873437941,760665.8825011344,-0.00031434756238013506,0.011463406682014465,0.36215264797210694,0.0020033851265907287,0.010406126827001571
71,58163200,0.000258,0.1195359992980957,0.0012864372134208679,0.004013671875,1.0,38.517311129927556,758866.5127655182,-0.00021570452954620123,0.011563618481159211,0.3494910955429077,0.0020365992560982702,0.010167235881090165
72,58982400,0.00025739999999999997,0.11972628593444824,0.0013227410614490508,0.003978271484375,1.0,38.413302666165976,759059.2835127674,-0.0002078571356832981,0.01226886287331581,0.33927292823791505,0.00208749957382679,0.011237060278654098
73,59801600,0.00025679999999999995,0.11960107803344727,0.0014255079627037049,0.004276123046875,1.0,38.51587114977663,737453.1622233782,-0.00019062346545979382,0.01279955804347992,0.3283063888549805,0.0019734008237719536,0.00977160707116127
74,60620800,0.0002562,0.12002959251403808,0.001234263777732849,0.00376220703125,1.0,38.32601997946037,757804.1722386961,-0.00023814404848963023,0.011324097216129304,0.31467695236206056,0.0019766809418797493,0.0076500244438648226
75,61440000,0.0002556,0.11990461349487305,0.00132001131772995,0.003992919921875,1.0,38.38696958317687,724995.8342148187,-0.00020287749357521533,0.01182260289788246,0.3004404067993164,0.0017319338396191597,0.007676025480031967
76,62259200,0.00025499999999999996,0.12031316757202148,0.0012098166346549988,0.003756103515625,1.0,38.34805777590801,752905.4252179203,-0.00024132207036018372,0.010619965195655823,0.2846350193023682,0.0018370548263192178,0.00739147886633873
77,63078400,0.00025439999999999995,0.12030730247497559,0.0012749564647674561,0.003917236328125,1.0,38.25270169554686,762122.219115137,-0.0002541419351473451,0.011087630689144135,0.2721951723098755,0.0019144106656312943,0.009422485530376435
78,63897600,0.0002538,0.12033191680908203,0.001315634995698929,0.004051513671875,1.0,38.04682414209988,757045.8463000808,-0.00020177531987428666,0.011084536463022232,0.25967998504638673,0.0019399821758270264,0.008547363430261612
79,64716800,0.0002532,0.12039642333984375,0.001333826184272766,0.004111328125,1.0,38.19262371615313,761372.3514124255,-0.0002032047836109996,0.011346334218978881,0.24706597328186036,0.0017961516976356506,0.008075316995382309
80,65536000,0.00025259999999999996,0.12037867546081543,0.0012742117047309875,0.003916015625,1.0,38.23807744406558,755468.2865775536,-0.00023773903958499432,0.011212500929832458,0.23219542503356932,0.002075950615108013,0.010309689491987229
81,66355200,0.00025199999999999995,0.12048105239868163,0.0012295874208211898,0.00371337890625,1.0,38.31638602546761,763605.6550769295,-0.00018902254523709417,0.011246413737535477,0.2222320556640625,0.0020818233489990233,0.010970459878444671
82,67174400,0.0002514,0.12064506530761719,0.0012469080835580827,0.00382568359375,1.0,38.232264697635294,769535.4906602667,-0.00019659551326185466,0.011255796998739243,0.21379306316375732,0.002038546651601791,0.009297852963209152
83,67993600,0.00025079999999999997,0.12081045150756836,0.0013733243942260743,0.004111328125,1.0,38.198921231284295,763244.9637843715,-0.0002521978924050927,0.01188099905848503,0.19898906946182252,0.0018174814060330391,0.008735106885433197
84,68812800,0.00025019999999999996,0.12077919960021972,0.0013022500276565552,0.003953857421875,1.0,38.050740154547995,766442.2576665924,-0.00019362019374966622,0.010615213215351105,0.18824691772460939,0.001822158694267273,0.007578979432582855
85,69632000,0.00024959999999999994,0.12103109359741211,0.0012884609401226043,0.003875732421875,1.0,38.08346485934454,770283.0711820605,-0.00033278351183980704,0.011060012876987458,0.1786885142326355,0.0020661970600485803,0.009783324599266053
86,70451200,0.000249,0.12085441589355468,0.0012396059930324555,0.003826904296875,1.0,37.973067100069656,763471.9878206396,-0.00011580430436879397,0.010381815582513809,0.16981194019317628,0.0018865939229726792,0.009119997173547745
87,71270400,0.0002484,0.12083932876586914,0.0012801861763000488,0.003924560546875,1.0,38.102780235644765,759321.1499179114,-0.00015791550977155565,0.010343414545059205,0.16041669845581055,0.0019902955740690232,0.009178100526332856
88,72089600,0.0002478,0.12104839324951172,0.0013546934723854065,0.0041943359375,1.0,38.152748733677214,762078.0815795157,-0.0002164816949516535,0.010861624032258987,0.14986101388931275,0.0018696248531341552,0.00842577889561653
89,72908800,0.0002472,0.12098964691162109,0.0012362542748451232,0.003778076171875,1.0,38.13479171515011,758643.1888636332,-0.00021374293137341738,0.010450900346040726,0.14114466905593873,0.0019582763314247133,0.008942382782697678
90,73728000,0.0002466,0.12091552734375,0.00138838991522789,0.00424560546875,1.0,38.054889384643985,763619.5856914847,-0.0002390115987509489,0.01120515987277031,0.12620598077774048,0.0020145859569311144,0.011061646044254303
91,74547200,0.000246,0.12103385925292968,0.0013073322176933289,0.003963623046875,1.0,37.9422283993514,757332.8808619719,-0.00016203442355617882,0.01113935187458992,0.1096513032913208,0.0020074592903256416,0.0103973388671875
92,75366400,0.0002454,0.12140832901000977,0.0013322740793228149,0.00406494140625,1.0,37.99670671181409,760360.8757827972,-0.00029498415533453227,0.010422093421220779,0.09392547607421875,0.001873614639043808,0.00971118062734604
93,76185600,0.0002448,0.12117687225341797,0.0012200891971588135,0.00372802734375,1.0,37.997211377579475,762966.679824544,-0.00017016972415149212,0.010121006518602371,0.0824857234954834,0.0018856178969144822,0.009425782412290574
94,77004800,0.00024419999999999997,0.12108814239501953,0.0012414826452732087,0.003812255859375,1.0,37.808705665591894,758616.1902675615,-0.0002291844692081213,0.009680671244859695,0.07095136642456054,0.0019921598955988883,0.009889037162065507
95,77824000,0.00024359999999999999,0.12100663185119628,0.0012881575524806975,0.00406494140625,1.0,38.10736039429023,755616.6482571672,-0.00016689389012753965,0.009828352183103562,0.0561134934425354,0.002078521251678467,0.009501709789037704
96,78643200,0.000243,0.1210542869567871,0.0011813130974769593,0.00365478515625,1.0,37.92894553881808,749945.3790087616,-0.0001987951807677746,0.009292937070131301,0.04281503260135651,0.0021714895963668825,0.011174073070287704
97,79462400,0.00024239999999999998,0.1210409164428711,0.0012765835225582124,0.00401123046875,1.0,38.08197331101502,760426.6345033231,-0.00020711948163807393,0.009229540824890137,0.0307883083820343,0.0019425492733716964,0.008406127244234085
98,80281600,0.0002418,0.121318998336792,0.0013005143404006957,0.00388916015625,1.0,38.05097911530769,761896.1941335684,-0.00025575349573045967,0.009464898705482483,0.019965437054634095,0.0018090300261974334,0.008181151002645493
99,81100800,0.00024119999999999998,0.12129871368408203,0.0012682642042636872,0.003836669921875,1.0,37.888114791916585,761022.1511096822,-6.159579497762024e-05,0.00986998826265335,0.009255796670913696,0.0023196019232273103,0.0145050048828125
100,81920000,0.0002406,0.12140029907226563,0.0012817656993865966,0.0039404296875,1.0,37.95231267345051,760891.7929130648,-0.0002989552216604352,0.009576261043548584,-0.0014718964695930481,0.001911448687314987,0.009113527089357375
101,82739200,0.00023999999999999998,0.12172273635864257,0.001299953907728195,0.0039599609375,1.0,37.89765092897188,762113.5940139747,-0.00019167218124493957,0.009314274042844772,-0.010471600294113158,0.0019085265696048737,0.00858789011836052
102,83558400,0.0002394,0.12129762649536133,0.001268177628517151,0.003931884765625,1.0,37.79951100244499,765108.1341150693,-0.00019039404578506945,0.009213052690029144,-0.01583380550146103,0.0017928510904312133,0.007868286222219467
103,84377600,0.0002388,0.1214776611328125,0.0013355353474617004,0.004102783203125,1.0,37.833017428690304,768765.7156240882,-0.0002314742188900709,0.0096550352871418,-0.02493809461593628,0.001964114047586918,0.007929442822933197
104,85196800,0.0002382,0.12165672302246094,0.0012744571268558502,0.003941650390625,1.0,37.87640035037573,763665.1920104679,-0.00018162268679589033,0.010205867141485215,-0.03670889139175415,0.0016136066988110542,0.006275390088558197
105,86016000,0.0002376,0.12144790649414063,0.0012373102456331253,0.00378173828125,1.0,37.89688338111532,766581.8178135846,-0.00017389736603945494,0.00887431800365448,-0.051999449729919434,0.0016394654288887978,0.00627770945429802
106,86835200,0.000237,0.12155261993408203,0.0012794092297554016,0.00384765625,1.0,37.81072205004857,763692.5889834644,-0.000170492148026824,0.009647984057664871,-0.06471607685089112,0.0019097262993454933,0.009696532785892487
107,87654400,0.0002364,0.1213215446472168,0.0013412648439407348,0.004151611328125,1.0,37.80679454587474,757357.682725288,-0.0002538801869377494,0.009910357743501663,-0.07620738744735718,0.0021147947758436204,0.01069982647895813
108,88473600,0.00023579999999999999,0.12162253379821777,0.0012706562876701355,0.003905029296875,1.0,37.88024948024948,762575.5133956578,-0.00020699365995824337,0.009316661953926086,-0.08354377746582031,0.0018501721322536468,0.008490478247404098
109,89292800,0.0002352,0.12120391845703125,0.0012662701308727264,0.003909912109375,1.0,37.937601184143574,756343.6823300978,-0.00020260405726730825,0.009128444641828538,-0.09310907721519471,0.0019446555525064468,0.009019532054662705
110,90112000,0.00023459999999999998,0.12147216796875,0.001295984834432602,0.00400634765625,1.0,37.772490191553196,755916.3890530459,-0.00019905720837414264,0.008668234199285507,-0.10176670551300049,0.0017753472551703454,0.00737011581659317
111,90931200,0.000234,0.12180673599243164,0.0013150738179683685,0.004013671875,1.0,37.933321002496996,763148.8720615195,-0.00016238598618656397,0.009596986323595047,-0.1081622838973999,0.0017702611163258552,0.008418333530426026
112,91750400,0.00023339999999999998,0.12186476707458496,0.0013191914558410645,0.00408447265625,1.0,37.86371624121347,757501.1782762083,-0.0001499543897807598,0.00874614790081978,-0.12033129930496216,0.002096668630838394,0.010629884153604507
113,92569600,0.0002328,0.12156752586364745,0.0012586675584316254,0.00384521484375,1.0,37.860427535897315,761794.3342638363,-0.000155116175301373,0.008592037111520767,-0.1287880778312683,0.0017051344737410545,0.008173339813947678
114,93388800,0.00023219999999999998,0.12165257453918457,0.0013641315698623658,0.00414306640625,1.0,37.87689314992358,756827.6961308655,-0.00016072634607553483,0.008964043855667115,-0.13851938247680665,0.0018647486343979836,0.008363036811351776
115,94208000,0.0002316,0.1216423225402832,0.0011880463361740113,0.003717041015625,1.0,37.754943437873635,754262.9954152264,-0.00010169937741011381,0.008103067427873612,-0.1487730026245117,0.0017525052651762962,0.007782105356454849
116,95027200,0.00023099999999999998,0.12168200492858887,0.001253831684589386,0.003876953125,1.0,37.86269250335291,750961.2015787626,-0.00015306700952351094,0.00862373560667038,-0.16095093488693238,0.0017629558220505714,0.007062499970197677
117,95846400,0.0002304,0.12188144683837891,0.0012344083935022353,0.00367919921875,1.0,37.67646112107417,758355.622320454,-0.00017828175332397224,0.008937587589025497,-0.17039885520935058,0.0019311944022774696,0.010429441183805465
118,96665600,0.00022979999999999997,0.12182910919189453,0.0011767995357513427,0.0037646484375,1.0,37.87425843529848,764962.4573441761,-0.0001822963240556419,0.008046650141477586,-0.1789134383201599,0.0020251862704753877,0.009773804992437362
119,97484800,0.0002292,0.12189939498901367,0.0012984578311443329,0.00388916015625,1.0,37.84865263935031,735779.3192669877,-0.00017557148821651937,0.008991603553295136,-0.1857147693634033,0.0018946023657917977,0.009179443866014481
120,98304000,0.00022859999999999997,0.12197254180908203,0.0013036543130874633,0.00400634765625,1.0,37.88515354421612,752741.2039106855,-0.00017287805676460266,0.00861867368221283,-0.19357012510299682,0.0015893744304776192,0.0058610841631889345
121,99123200,0.00022799999999999999,0.12213186264038085,0.0013752788305282592,0.004127197265625,1.0,37.882301212626125,762170.9575433452,-0.00017109028995037078,0.00870281234383583,-0.20383970737457274,0.0019412152469158173,0.00944775491952896
122,99942400,0.00022739999999999997,0.1218445873260498,0.001262248009443283,0.003883056640625,1.0,37.738020641356435,765213.3631885181,-0.00017822644440457225,0.008422715216875076,-0.21181178092956543,0.0019602978602051733,0.009789552539587021
123,100761600,0.00022679999999999998,0.12168570518493653,0.001204954832792282,0.003697509765625,1.0,37.877883059856714,769082.693986522,-0.00012558591552078724,0.0080838605761528,-0.22129673957824708,0.0018485438078641892,0.007810301333665848
124,101580800,0.00022619999999999997,0.12184237480163575,0.0012750992178916932,0.0039453125,1.0,37.72136436967043,759421.5931360819,-0.0002466980833560228,0.008340491354465485,-0.23142569065093993,0.001781485229730606,0.00781860202550888
125,102400000,0.00022559999999999998,0.12197676658630371,0.0011749067902565003,0.00360595703125,1.0,37.78728707935189,763349.2939049554,-0.0001413717633113265,0.007467132061719894,-0.24163105487823486,0.0019198369234800338,0.009497313946485519
126,103219200,0.000225,0.12181013107299804,0.0014019721746444701,0.004229736328125,1.0,37.79761411266178,761118.0764542425,-0.000131849548779428,0.009413530677556991,-0.24766943454742432,0.001831142045557499,0.009293211251497268
127,104038400,0.00022439999999999998,0.12207278251647949,0.0012395072728395462,0.003731689453125,1.0,37.80645459589421,760793.310903152,-0.00021243677474558353,0.007899369299411773,-0.2583801746368408,0.001966274157166481,0.009476563334465027
128,104857600,0.0002238,0.12226097106933594,0.0013237638771533965,0.004049072265625,1.0,37.75833218406657,763878.7547665251,-0.00018339009257033466,0.008388988673686981,-0.2725211620330811,0.001925228163599968,0.009172973781824112
129,105676800,0.00022319999999999998,0.12200243949890137,0.0013221541047096252,0.004193115234375,1.0,37.67899074543027,758317.9117216996,-0.00013883683132007719,0.008260584622621536,-0.2842587947845459,0.0017508221790194511,0.007286376506090164
130,106496000,0.0002226,0.12204917907714843,0.001377154439687729,0.0042431640625,1.0,37.784153384153385,753065.1456085074,-0.00022190632298588753,0.008363397419452667,-0.29501478672027587,0.001791767030954361,0.007613646984100342
131,107315200,0.00022199999999999998,0.12228099822998047,0.0013557973504066468,0.004139404296875,1.0,37.80752579218865,763729.8098738862,-0.00015162454219534992,0.00849061757326126,-0.3072700500488281,0.0016772020608186722,0.0068468011915683745
132,108134400,0.0002214,0.12213375091552735,0.0012393475323915482,0.00384521484375,1.0,37.59316113613384,748220.9763639396,-0.0001565404119901359,0.007622002810239792,-0.31952743530273436,0.0019848497584462168,0.00993335321545601
133,108953600,0.00022079999999999997,0.12235149383544922,0.0012287555634975433,0.00377685546875,1.0,37.83604361082879,763372.6930522904,-9.566272492520512e-05,0.0071912452578544615,-0.3299818515777588,0.0019175127148628236,0.009789306670427322
134,109772800,0.00022019999999999999,0.12219749450683594,0.001236886978149414,0.003941650390625,1.0,37.76608187134503,746697.3318962835,-0.0002467359649017453,0.007254857569932938,-0.34091339111328123,0.0018461346626281738,0.008441773056983948
135,110592000,0.00021959999999999997,0.12244710922241211,0.001364542841911316,0.00415771484375,1.0,37.6073264781491,756337.6931223542,-0.0001548323780298233,0.008218692988157273,-0.3443202018737793,0.0016682466492056846,0.006523193418979644
136,111411200,0.00021899999999999998,0.12229663848876954,0.0013614049553871154,0.004127197265625,1.0,37.62789843427154,736024.0472451935,-0.0001705929753370583,0.007768162339925766,-0.3572472095489502,0.002052747644484043,0.010619629174470901
137,112230400,0.00021839999999999997,0.12217789649963379,0.0014048750698566438,0.004298095703125,1.0,37.72135080273113,762125.757166705,-8.96659097634256e-05,0.008024151623249053,-0.37566983699798584,0.0020505743101239204,0.011125124990940094
138,113049600,0.00021779999999999998,0.12219255447387695,0.001192181408405304,0.00372314453125,1.0,37.71024946019203,743798.316674017,-0.00014925766736268998,0.00703740194439888,-0.3876803398132324,0.001884537748992443,0.008281983435153961
139,113868800,0.00021719999999999997,0.12217538833618163,0.001285119354724884,0.003895263671875,1.0,37.68815916731912,765843.1759051777,-0.0001397052314132452,0.007588788866996765,-0.39586596488952636,0.0017429662868380547,0.007992429286241531
140,114688000,0.00021659999999999998,0.12216972351074219,0.0012286196649074555,0.00376220703125,1.0,37.69828855355171,769192.6425646179,-0.0002038846956565976,0.007447404414415359,-0.4021803379058838,0.0018566403537988662,0.009264036267995834
141,115507200,0.00021599999999999996,0.12232168197631836,0.0013980793952941895,0.004222412109375,1.0,37.62423629932473,763212.1140615045,-0.00016663722926750778,0.008562528342008591,-0.40930633544921874,0.0020711177960038183,0.011208375543355941
142,116326400,0.00021539999999999998,0.1221920394897461,0.0013472500443458557,0.004046630859375,1.0,37.55480267374782,765498.3845969866,-0.00016523590311408044,0.007881467044353486,-0.4139273166656494,0.0016668224707245827,0.006863646954298019
143,117145600,0.00021479999999999996,0.12216697692871094,0.0013478636741638184,0.004014892578125,1.0,37.660889951273326,740744.8132147178,-0.00020525953732430935,0.0078433558344841,-0.4222080707550049,0.0017594460397958756,0.007036377489566803
144,117964800,0.00021419999999999998,0.12219724655151368,0.0012435662001371384,0.003819580078125,1.0,37.66388799336803,760574.8086058293,-0.0002867865143343806,0.007595189660787582,-0.434185791015625,0.001957717351615429,0.00990893542766571
145,118784000,0.00021359999999999996,0.12246051788330078,0.0013570836186408996,0.004031982421875,1.0,37.700206564149646,727947.2935408917,-0.00021051187068223953,0.008151806145906448,-0.44034614562988283,0.0017074435949325562,0.007732421159744263
146,119603200,0.00021299999999999997,0.12226849555969238,0.0012244217842817305,0.00373046875,1.0,37.67757804238886,758123.7088016393,-0.00021475427784025669,0.0073396719992160795,-0.44536261558532714,0.001854647882282734,0.008045044541358948
147,120422400,0.00021239999999999996,0.12238548278808593,0.0013117879629135133,0.004005126953125,1.0,37.627242616616066,761432.9773326272,-9.145377553068101e-05,0.00714077427983284,-0.45549421310424804,0.0017681732773780824,0.007468383759260178
148,121241600,0.00021179999999999997,0.12225750923156738,0.0012394356727600097,0.003726806640625,1.0,37.580466352100416,755830.8197564259,-0.00013713693479076028,0.007255031913518906,-0.46459641456604006,0.00169401615858078,0.007510864734649658
149,122060800,0.00021119999999999996,0.12244724273681641,0.0012987864017486573,0.004010009765625,1.0,37.642824265856575,757086.0863535269,-0.00012628729455173017,0.007283973693847656,-0.47205214500427245,0.0016794150695204734,0.007306396216154099
150,122880000,0.00021059999999999997,0.1222161865234375,0.0011525903642177582,0.003668212890625,1.0,37.58424648113337,753903.8457871948,-0.0001705760252662003,0.0064035005867481235,-0.48482537269592285,0.001789979450404644,0.007891722023487091
151,123699200,0.00020999999999999998,0.1221444320678711,0.0012099197506904602,0.0037158203125,1.0,37.6752684208101,758939.1548523192,-0.00015701622469350697,0.006822524219751358,-0.49657478332519533,0.0016119204461574554,0.006739135831594467
152,124518400,0.00020939999999999997,0.1221908187866211,0.0012751789391040802,0.0039306640625,1.0,37.6132330689165,755610.2460520535,-0.00023141438141465186,0.007105498760938645,-0.504671287536621,0.0018771149218082428,0.007764527946710587
153,125337600,0.00020879999999999998,0.12217140197753906,0.0013191445171833037,0.004173583984375,1.0,37.70301805319491,757364.3023836535,-0.00013009922113269568,0.007263072580099106,-0.5062352180480957,0.0017221929505467416,0.008255492150783538
154,126156800,0.00020819999999999996,0.12216527938842774,0.0011469094455242156,0.003643798828125,1.0,37.7101295587625,763017.1461047669,-0.00013396770227700472,0.006615634262561798,-0.5112614154815673,0.0019729016348719597,0.010985961556434632
155,126976000,0.00020759999999999998,0.12230558395385742,0.0013363528251647949,0.0041259765625,1.0,37.63295329165134,757581.0877808823,-0.00021869470365345478,0.006769926100969314,-0.5178901672363281,0.0017744289711117745,0.007446165382862091
156,127795200,0.00020699999999999996,0.12253379821777344,0.0013405367732048034,0.004051513671875,1.0,37.66646750620461,752542.4050066147,-0.0001732769189402461,0.007280059903860092,-0.5276649475097657,0.0016683507710695267,0.0063914798200130464
157,128614400,0.00020639999999999998,0.12210943222045899,0.001173943355679512,0.003687744140625,1.0,37.635995955510616,745474.7540338216,-0.00020191080402582885,0.0066899053752422334,-0.5375379085540771,0.001834103837609291,0.008842039853334427
158,129433600,0.00020579999999999996,0.12248369216918946,0.001383633017539978,0.0042041015625,1.0,37.6983586961519,764468.0978001393,-0.00011115116067230701,0.007540762424468994,-0.544966173171997,0.002000388130545616,0.009580323845148087
159,130252800,0.00020519999999999997,0.12259729385375977,0.0012258374691009521,0.00377197265625,1.0,37.506077499543046,753340.6277412936,-5.2868336206302045e-05,0.006337454169988632,-0.5559749603271484,0.0018820498138666154,0.009699704498052597
160,131072000,0.00020459999999999996,0.12267489433288574,0.001324147582054138,0.004100341796875,1.0,37.59624067078227,762554.6525359732,-0.0003185333218425512,0.007471371442079544,-0.5671576023101806,0.0022818384692072867,0.012871702015399934
161,131891200,0.00020399999999999997,0.12242700576782227,0.0011922100186347962,0.003626708984375,1.0,37.546685575735395,741709.8218505336,-0.0001292410888709128,0.006406266242265701,-0.5793780326843262,0.001784655638039112,0.0077689215540885925
162,132710400,0.00020339999999999996,0.12254350662231445,0.0012606452405452728,0.0040283203125,1.0,37.61045283365482,755672.0579168827,-0.00025619566440582275,0.0062130182981491085,-0.5921753883361817,0.0019497625529766084,0.007847045361995698
163,133529600,0.00020279999999999997,0.12239753723144531,0.0013368344306945801,0.004150390625,1.0,37.600578937695275,764743.9770241084,-0.00013238554820418357,0.00675334632396698,-0.6043931007385254,0.0020552873611450195,0.010899901390075684
164,134348800,0.00020219999999999995,0.12264488220214843,0.0013120543956756591,0.003948974609375,1.0,37.61281451945552,734714.067873767,-0.00018441090360283853,0.006454091519117355,-0.6141971588134766,0.00197177529335022,0.009705200046300887
165,135168000,0.00020159999999999997,0.12224853515625,0.0013097116351127624,0.003935546875,1.0,37.60934691431995,762910.4718732075,-0.00022365744225680829,0.006281096488237381,-0.6275392532348633,0.0018027350306510925,0.00800158604979515
166,135987200,0.00020099999999999995,0.12254941940307618,0.0012923121452331544,0.00396484375,1.0,37.71264104210623,766784.1886453824,-0.00018793721683323382,0.006428419053554535,-0.6399932861328125,0.001890791580080986,0.009095580875873565
167,136806400,0.00020039999999999997,0.12232219696044921,0.001281459927558899,0.003935546875,1.0,37.65571125656864,761400.4142222881,-0.0002711819251999259,0.006528770178556442,-0.646156120300293,0.0019618265330791475,0.009920775890350342
168,137625600,0.00019979999999999995,0.12234506607055665,0.0011794360727071763,0.003653564453125,1.0,37.591063244729604,743945.9914680984,-0.00010106679983437061,0.006156472489237785,-0.6523103713989258,0.00198760200291872,0.009328614175319671
169,138444800,0.00019919999999999996,0.1224778175354004,0.00127667635679245,0.003935546875,1.0,37.686190541971726,760994.3601032512,-0.00019197545479983092,0.006583552807569504,-0.6605387210845948,0.0018314704298973083,0.008412231504917145
170,139264000,0.00019859999999999995,0.12214609146118165,0.001263943165540695,0.003843994140625,1.0,37.65206801470588,762551.9310563874,-0.00011520192492753267,0.006888768076896668,-0.6673458099365235,0.0020171090960502624,0.01016516014933586
171,140083200,0.00019799999999999996,0.12230265617370606,0.0012149347364902496,0.003861083984375,1.0,37.68437744174289,766523.9110099298,-0.0001534782932139933,0.00639980211853981,-0.6748956680297852,0.00174915362149477,0.007863647490739822
172,140902400,0.00019739999999999995,0.12238597869873047,0.001090114489197731,0.003438720703125,1.0,37.608430419227595,760413.916469652,-0.0001318149035796523,0.005649194121360779,-0.6862684726715088,0.0017450924962759018,0.007433592528104782
173,141721600,0.00019679999999999999,0.12226696014404297,0.0012260698527097702,0.003798828125,1.0,37.64828346890942,761496.245917144,-0.0002466711914166808,0.005907881632447242,-0.6946920871734619,0.002010510303080082,0.009364502131938934
174,142540800,0.0001962,0.12249216079711914,0.0012794256210327149,0.003907470703125,1.0,37.56181425882569,753692.6946032037,-0.00013635731302201747,0.0062030918896198274,-0.7004672527313233,0.0018134968355298041,0.007586546242237091
175,143360000,0.00019559999999999998,0.12254209518432617,0.0013042543828487396,0.0039453125,1.0,37.52956274635622,761262.1601190612,-0.00022764753084629773,0.006603222340345383,-0.7095349311828614,0.001918783225119114,0.009341065585613251
176,144179200,0.000195,0.12262415885925293,0.0013655076920986175,0.004122314453125,1.0,37.68891137377547,756512.0831332485,-0.00020673624239861966,0.00684669017791748,-0.721133041381836,0.0017520776018500328,0.006867796927690506
177,144998400,0.00019439999999999998,0.12242838859558106,0.0011737510561943055,0.00376220703125,1.0,37.609377148356934,752892.3678662323,-0.00022078095935285091,0.006208641454577446,-0.732106876373291,0.0018397100269794465,0.007137450575828552
178,145817600,0.0001938,0.12270285606384278,0.0013466456532478333,0.004091796875,1.0,37.50059414990859,765026.6585136324,-0.0001434997422620654,0.006208927184343338,-0.7441084384918213,0.0018621280789375306,0.008831541985273361
179,146636800,0.00019319999999999998,0.12222202301025391,0.0012700796127319337,0.003836669921875,1.0,37.51290056009549,760898.5528222217,-0.000303635373711586,0.006206721812486648,-0.7558144092559814,0.00196315199136734,0.010447508841753005
180,147456000,0.0001926,0.12264942169189454,0.0013006938993930816,0.003922119140625,1.0,37.56293818448426,761393.7173959727,-0.00018448103219270706,0.006509219110012054,-0.7626044273376464,0.0017954884096980095,0.00832849070429802
181,148275200,0.00019199999999999998,0.12248096466064454,0.0013015301525592805,0.00389892578125,1.0,37.562903891104085,757616.6622723972,-0.0002027070615440607,0.006624966859817505,-0.7698523521423339,0.0017911342903971672,0.008321168273687363
182,149094400,0.0001914,0.1222654914855957,0.0012368538975715637,0.00386962890625,1.0,37.66277573529412,751025.5387406125,-0.00016687818570062518,0.005927341803908348,-0.7793574810028077,0.001872054487466812,0.008381348103284836
183,149913600,0.00019079999999999998,0.12255694389343262,0.0013671192526817323,0.004228515625,1.0,37.544433750401026,755386.5746909536,-0.00019747230689972639,0.0059817168861627575,-0.7907376289367676,0.001661399006843567,0.006023192033171654
184,150732800,0.0001902,0.12253216743469238,0.0012208746373653411,0.003861083984375,1.0,37.49880646345942,751133.8516887155,-0.00021454314701259137,0.005533887073397636,-0.8006352424621582,0.0017481885850429534,0.008043091744184494
185,151552000,0.00018959999999999997,0.1228021240234375,0.0012517751753330232,0.00383544921875,1.0,37.64656754772393,754138.7079200675,-0.00027372906915843485,0.0063740603625774385,-0.8099145889282227,0.0017823416739702225,0.00806603953242302
186,152371200,0.00018899999999999999,0.1226826286315918,0.001269846111536026,0.00392822265625,1.0,37.569103081438,751551.6581826505,-0.00019954266026616095,0.006015174090862274,-0.8200959205627442,0.0015505539253354073,0.005980223789811135
187,153190400,0.00018839999999999997,0.12261775016784668,0.0013102464377880096,0.0040380859375,1.0,37.58905367555902,753031.9860630132,-0.00017423324752599,0.006007277593016625,-0.8304640769958496,0.0018401646986603737,0.008397580683231353
188,154009600,0.00018779999999999998,0.12248258590698242,0.0013160586357116699,0.003934326171875,1.0,37.63771449602061,755395.0349005014,-0.00020687114447355271,0.0060804344713687895,-0.837481689453125,0.0019112318754196168,0.008843260258436203
189,154828800,0.0001872,0.12252569198608398,0.0012801644206047059,0.003951416015625,1.0,37.68624392034505,751645.1364159724,-0.00012635308085009455,0.005873042345046997,-0.8434159278869628,0.0016158236190676688,0.007305420935153961
190,155648000,0.00018659999999999998,0.122305908203125,0.001362600028514862,0.003955078125,1.0,37.54648546898673,756978.9397502313,-0.00016493474831804633,0.006284492462873459,-0.8529388427734375,0.0018720198422670364,0.008373413234949112
191,156467200,0.000186,0.12272793769836426,0.001320984810590744,0.004027099609375,1.0,37.58213269707259,751074.494079525,-0.00018942394526675344,0.005608074367046356,-0.8664652824401855,0.0019804058596491815,0.010202513635158538
192,157286400,0.00018539999999999998,0.12262727737426758,0.0012691095471382141,0.00396240234375,1.0,37.55916441431124,755253.6074509047,-0.00012950629461556674,0.005497068911790848,-0.8770743370056152,0.0017567016184329987,0.006690063327550888
193,158105600,0.0001848,0.12251773834228516,0.0012414537370204926,0.00382568359375,1.0,37.39232526267702,747493.6986878974,-0.0002572175348177552,0.0053751513361930845,-0.8819238662719726,0.0017460033297538758,0.007561279833316803
194,158924800,0.00018419999999999998,0.12294673919677734,0.0012116758525371552,0.00378662109375,1.0,37.546024625806744,764309.9354849969,-0.0002518627792596817,0.005606758221983909,-0.8907443046569824,0.0019731074571609497,0.008663451671600342
195,159744000,0.0001836,0.12264216423034668,0.0012795360386371614,0.004012451171875,1.0,37.55604888543049,769422.3330900221,-0.00010912794386968017,0.005614108219742775,-0.9031331062316894,0.0016824239864945412,0.007883666455745697
196,160563200,0.00018299999999999998,0.12230204582214356,0.001289896070957184,0.00395751953125,1.0,37.67646381351638,753072.1520738815,-3.466178313829005e-05,0.005847141519188881,-0.914239501953125,0.0019181642681360244,0.009842285513877868
197,161382400,0.0001824,0.1227718734741211,0.0012965278327465057,0.003896484375,1.0,37.50879517521817,759168.765556523,-0.00020577029790729283,0.006483028829097748,-0.9249361038208008,0.0020416852086782454,0.011024169623851776
198,162201600,0.00018179999999999997,0.1226737117767334,0.0013335835933685303,0.0039990234375,1.0,37.43862542955326,760034.5983175748,-0.0001845330582000315,0.005772465094923973,-0.935948657989502,0.0017034007236361504,0.007783812284469604
199,163020800,0.00018119999999999999,0.12258358001708984,0.0013032984733581544,0.003973388671875,1.0,37.436255707762555,761795.5464089363,-0.00011842446401715279,0.00657711923122406,-0.9451469421386719,0.0018230881541967392,0.008499632775783538
200,163840000,0.00018059999999999997,0.12231792449951172,0.0012973096966743469,0.003939208984375,1.0,37.469219494320264,765240.1227322733,-0.00021998281590640545,0.005532096326351166,-0.9490723609924316,0.0019376857206225395,0.009773192554712295
201,164659200,0.00017999999999999998,0.12269416809082032,0.0012476931512355805,0.003857421875,1.0,37.544222669840686,752703.8789168642,-0.00020468623843044042,0.0054085392504930494,-0.9536004066467285,0.0017680840566754342,0.007673706114292145
202,165478400,0.00017939999999999997,0.12270856857299804,0.0013200733065605163,0.0040283203125,1.0,37.65576931906883,733431.2099724051,-0.0002788613783195615,0.005475396662950516,-0.9630539894104004,0.0018743118271231651,0.008695434033870696
203,166297600,0.00017879999999999998,0.12257898330688477,0.0013680312037467957,0.004124755859375,1.0,37.56277512839325,755546.3482442183,-0.00016123909736052156,0.005615121498703956,-0.9700729370117187,0.0018781302496790886,0.009285522252321243
204,167116800,0.00017819999999999997,0.12266788482666016,0.0012855985760688781,0.004019775390625,1.0,37.53792850259281,745726.1185708733,-0.00019856432918459178,0.005421635136008263,-0.9767296791076661,0.0016651077196002007,0.006687623262405395
205,167936000,0.0001776,0.12252597808837891,0.001363600939512253,0.004146728515625,1.0,37.49051341836968,755989.4475490097,-0.00026597569230943916,0.006133953109383583,-0.9843104362487793,0.001720181666314602,0.007435548305511475
206,168755200,0.00017700000000000002,0.12247608184814453,0.0013166134059429168,0.00396484375,1.0,37.589615278670465,759841.651918986,-0.00021607684902846813,0.005526895076036454,-0.9927349090576172,0.0019727520644664764,0.009664061665534972
207,169574400,0.0001764,0.12247153282165528,0.0012509287893772126,0.003841552734375,1.0,37.49656813398005,758802.2051106673,-0.00023019162472337484,0.005176474153995514,-1.0024747848510742,0.0018474182114005088,0.0089381106197834
208,170393600,0.00017580000000000002,0.1225682544708252,0.0013464254140853882,0.004078369140625,1.0,37.485770497803806,757803.3746002825,-0.00040148654952645304,0.005656993389129639,-1.0120881080627442,0.002105752192437649,0.011102903634309769
209,171212800,0.0001752,0.12262287139892578,0.0012513917684555053,0.00393798828125,1.0,37.55827404177186,761847.8620051118,-0.00026685870252549646,0.005321796238422394,-1.0204307556152343,0.001894160732626915,0.009596679359674454
210,172032000,0.00017460000000000002,0.12283952713012695,0.0013015158474445343,0.003914794921875,1.0,37.66982041978597,755552.8079381641,-0.00015298071084544063,0.0048585586249828335,-1.0271886825561523,0.0017137775197625161,0.007853392511606216
211,172851200,0.000174,0.12260938644409179,0.0010977636277675628,0.003477783203125,1.0,37.59888796985571,758947.4032595961,-9.50095767620951e-05,0.004552189633250237,-1.0368283271789551,0.001707339845597744,0.007124023884534836
212,173670400,0.0001734,0.12289460182189942,0.00134686678647995,0.0041015625,1.0,37.38671162960262,763264.4878070537,-0.00018620967166498302,0.00522545762360096,-1.045436477661133,0.0018461957573890687,0.008756227046251296
213,174489600,0.0001728,0.1227927017211914,0.0012493177503347397,0.003858642578125,1.0,37.50747838814436,758824.3816924434,-0.00024429820477962495,0.005551811680197716,-1.0506608009338378,0.0016675744205713271,0.007796997576951981
214,175308800,0.0001722,0.12254024505615234,0.0012990319728851318,0.00391357421875,1.0,37.50291137499427,767613.023590538,-0.0002511060796678066,0.005086635798215866,-1.0552169799804687,0.0020129377022385596,0.00871850773692131
215,176128000,0.0001716,0.12267169952392579,0.0012578701972961427,0.003839111328125,1.0,37.58831091318121,757103.2478933106,-0.00013447117526084186,0.00508924201130867,-1.0655881881713867,0.0018528070300817489,0.008666015416383743
216,176947200,0.000171,0.12265789985656739,0.0014421087503433227,0.004385986328125,1.0,37.52982954545455,750301.8834130802,-0.0002889636205509305,0.005292466655373573,-1.0758771896362305,0.0017587963491678237,0.008185302466154098
217,177766400,0.0001704,0.12287639617919922,0.0012554623186588286,0.00384033203125,1.0,37.50495818672029,751965.3094208745,-0.00016293975058943034,0.0048399042338132855,-1.081456756591797,0.001749652996659279,0.008213014155626298
218,178585600,0.0001698,0.12251358032226563,0.0013712143898010254,0.00413330078125,1.0,37.49816631521041,746783.4023437116,-0.00011099198600277305,0.005294674634933471,-1.0893649101257323,0.001874876767396927,0.008707031607627869
219,179404800,0.0001692,0.12275562286376954,0.0012612682580947876,0.003804931640625,1.0,37.543983174835404,742370.8022918907,-0.00012304928386583925,0.004906445741653442,-1.0985305786132813,0.0017148636281490326,0.007115234434604645
220,180224000,0.0001686,0.12248682022094727,0.0012671412527561188,0.003968505859375,1.0,37.458863365974196,747347.7804098903,-0.00020729987882077693,0.005082503333687783,-1.1091355323791503,0.001999635063111782,0.009208372235298157
221,181043200,0.000168,0.12263091087341309,0.001286095529794693,0.003988037109375,1.0,37.53948393601907,738401.2011331816,-0.0002036169869825244,0.004739383235573769,-1.1186223030090332,0.002074800431728363,0.011429808288812637
222,181862400,0.0001674,0.12275256156921387,0.0014371863007545472,0.00434814453125,1.0,37.4844817310778,742010.6960868906,-0.00015903975581750275,0.005138413980603218,-1.1300601005554198,0.0017058754339814187,0.007657837867736816
223,182681600,0.0001668,0.1228788948059082,0.0012176095694303513,0.003798828125,1.0,37.51075318019585,745222.8228785078,-0.00019992361776530743,0.004724848642945289,-1.1367820739746093,0.0017704231664538383,0.007149168848991394
224,183500800,0.0001662,0.12257104873657226,0.0013435065746307373,0.00400146484375,1.0,37.4749415378972,738331.1376576377,-0.0001913291052915156,0.005368667840957642,-1.1438282966613769,0.0017132177948951722,0.007296998053789139
225,184320000,0.0001656,0.12289783477783203,0.0012742584943771361,0.003958740234375,1.0,37.53886578622675,729880.869521666,-0.0001402170630171895,0.004837680608034134,-1.1533517837524414,0.001686476729810238,0.007761108130216599
226,185139200,0.000165,0.12266892433166504,0.001181737631559372,0.003660888671875,1.0,37.65676172953082,751219.7859674824,-0.00013692359207198023,0.005022892355918884,-1.1593217849731445,0.0018958447501063347,0.01001013144850731
227,185958400,0.0001644,0.12295636177062988,0.0012031522393226622,0.003681640625,1.0,37.507614909672995,757781.76865563,-0.00014929851749911904,0.004267427697777748,-1.1622923851013183,0.0018583953380584717,0.007729369401931763
228,186777600,0.0001638,0.12258358955383301,0.0012674781680107117,0.004034423828125,1.0,37.398409651768574,760471.3490343334,-0.000167202006559819,0.0045728512108325955,-1.1691433906555175,0.0016004038974642754,0.006534180045127869
229,187596800,0.0001632,0.1228093719482422,0.0012789282202720642,0.003924560546875,1.0,37.56467079605414,764369.497441297,-0.00023991502821445464,0.004345693439245224,-1.1762579917907714,0.001871018297970295,0.007839354872703552
230,188416000,0.0001626,0.12285944938659668,0.0014201930165290832,0.004322509765625,1.0,37.52821122957946,759379.6585437735,-0.00011128033511340619,0.004934732615947723,-1.182602596282959,0.0019035084173083306,0.010279419273138047
231,189235200,0.000162,0.12284358978271484,0.0011905698478221892,0.003739013671875,1.0,37.46521520376893,759282.1892108853,-0.00020890450105071068,0.004310396686196327,-1.1918375015258789,0.001941048726439476,0.009659180045127868
232,190054400,0.0001614,0.12276472091674805,0.0012510022521018981,0.003939208984375,1.0,37.491998171010515,763577.8573492648,-0.00020415009930729866,0.00441044345498085,-1.1996784210205078,0.0018961220979690553,0.008885622024536133
233,190873600,0.0001608,0.12275722503662109,0.0011393119394779204,0.003531494140625,1.0,37.5061140370964,762739.2917841608,-0.0001355885644443333,0.00420941635966301,-1.2050365447998046,0.001802355982363224,0.008795897662639617
234,191692800,0.0001602,0.12286422729492187,0.0013669207692146301,0.0041796875,1.0,37.5132459437162,761267.1193900716,-0.00012057777494192123,0.004643650725483894,-1.2105460166931152,0.0017985045909881593,0.007634522765874863
235,192512000,0.0001596,0.12262205123901367,0.0012846070528030396,0.003994140625,1.0,37.56353388626678,755339.7899071429,-0.0002588004106655717,0.004154274985194206,-1.2237845420837403,0.0017661113291978837,0.00730603039264679
236,193331200,0.000159,0.12274389266967774,0.0012556059658527373,0.003892822265625,1.0,37.55816621541003,750398.069048267,-0.00018869164632633327,0.00437210202217102,-1.236996841430664,0.0017473721876740456,0.0077335193753242494
237,194150400,0.0001584,0.12275711059570313,0.0013183504343032837,0.0038916015625,1.0,37.48612190772326,735654.8156606609,-0.00025484489742666483,0.0045949708670377735,-1.2513009071350099,0.001885727606713772,0.008246947824954987
238,194969600,0.0001578,0.12273321151733399,0.0013013054430484772,0.004091796875,1.0,37.44337899543379,751428.809318175,-0.0001781713333912194,0.004654921218752861,-1.261974811553955,0.002011730894446373,0.011069214344024659
239,195788800,0.0001572,0.12293406486511231,0.0011596249043941498,0.003521728515625,1.0,37.486876460079706,734778.1600267675,-0.0002592929406091571,0.004595746472477913,-1.2708193778991699,0.0017386451363563538,0.008417478948831558
240,196608000,0.00015659999999999998,0.1229222583770752,0.0011976734548807145,0.003724365234375,1.0,37.48427701743947,734970.6325598835,-0.00021868413314223288,0.004398111999034881,-1.2798285484313965,0.0017331307753920555,0.007935056090354919
241,197427200,0.000156,0.12294709205627441,0.0013635697960853576,0.0041259765625,1.0,37.47475763672947,752267.1298812857,-0.00019631595350801944,0.0044824425131082535,-1.2859205245971679,0.001784447580575943,0.006419190019369125
242,198246400,0.00015539999999999998,0.1228543472290039,0.00126209557056427,0.003974609375,1.0,37.53916353297257,756710.3744105955,-0.00019071490969508887,0.00417526438832283,-1.2943246841430665,0.001773708313703537,0.008246461302042008
243,199065600,0.0001548,0.1230291748046875,0.0012035439908504486,0.003695068359375,1.0,37.56605243857719,753044.6327543744,-0.0001951399724930525,0.0039347093552351,-1.302248477935791,0.0017522267997264862,0.007368163764476776
244,199884800,0.00015419999999999998,0.12308116912841797,0.0012396425008773804,0.003804931640625,1.0,37.364948547491124,755446.7907079916,-0.00014831661246716976,0.0040413748472929,-1.3092317581176758,0.0017612343654036522,0.007196655124425888
245,200704000,0.0001536,0.12275193214416504,0.0012745198607444763,0.0038525390625,1.0,37.33911060433295,756730.2927323527,-0.00015848816838115454,0.004077935218811035,-1.3170949935913085,0.0018435740843415261,0.008113401383161545
246,201523200,0.00015299999999999998,0.12263381958007813,0.0012227986752986909,0.003719482421875,1.0,37.46603229790933,755146.6036655216,-0.00013797705760225653,0.0045122217386960985,-1.3259817123413087,0.0018481230363249779,0.009120483696460725
247,202342400,0.0001524,0.12265095710754395,0.0012242478132247925,0.003753662109375,1.0,37.563861067720296,752276.231289976,-0.00013982328819110988,0.00430903322994709,-1.3341952323913575,0.0017400065436959267,0.008037108927965164
248,203161600,0.00015179999999999998,0.12303078651428223,0.0013771352171897888,0.0041552734375,1.0,37.4264591794825,754019.7975420563,-0.00012157504679635167,0.004354459047317505,-1.3401126861572266,0.001698925904929638,0.008082885295152664
249,203980800,0.0001512,0.12257706642150878,0.0012526237964630127,0.0038232421875,1.0,37.519336510263926,763386.9722667902,-0.0001553762354888022,0.00416938029229641,-1.34976167678833,0.0019138744100928307,0.008144774287939072
250,204800000,0.00015059999999999997,0.12279829025268554,0.0013915976881980895,0.0041845703125,1.0,37.48994239736674,733489.7371255535,-0.00014966976596042514,0.004315324127674103,-1.3589231491088867,0.0018800878897309303,0.00945129469037056
251,205619200,0.00015,0.12258123397827149,0.001362212598323822,0.0040380859375,1.0,37.536566378165496,765789.5906436375,-7.33753142412752e-05,0.004345843195915222,-1.367664909362793,0.0018488666042685508,0.009307373315095901
252,206438400,0.0001494,0.12292629241943359,0.001241040825843811,0.003792724609375,1.0,37.542507336757154,767461.5597008333,-0.00026397933252155783,0.004443476721644401,-1.3737316131591797,0.001781691238284111,0.008386719226837158
253,207257600,0.00014879999999999998,0.12292591094970703,0.0012565460801124573,0.003902587890625,1.0,37.509510745313214,762911.5504363053,-0.00024346273858100176,0.003792377561330795,-1.3787723541259767,0.0018912056460976602,0.00960131585597992
254,208076800,0.0001482,0.1228318977355957,0.0012209685146808624,0.003763427734375,1.0,37.440131970856434,766365.0864368712,-0.00015417038230225444,0.0037645909935235975,-1.3886587142944335,0.001678577996790409,0.007823608070611953
255,208896000,0.00014759999999999998,0.12292119979858399,0.0012758298218250275,0.003974609375,1.0,37.53307375171782,755411.9443728016,-0.00020872564055025579,0.004286321252584458,-1.3979743003845215,0.0019864894449710844,0.009172118455171584
256,209715200,0.000147,0.12290761947631836,0.0012637710571289063,0.003792724609375,1.0,37.608364320800625,762082.835582098,-0.00021014451049268247,0.004359709098935127,-1.4063526153564454,0.0019175931811332703,0.009012207388877869
257,210534400,0.00014639999999999998,0.12281923294067383,0.0012022961676120757,0.003792724609375,1.0,37.55562674477141,752539.2673074646,-0.0001508668763563037,0.003944971039891243,-1.4153024673461914,0.001758027821779251,0.007609130442142486
258,211353600,0.0001458,0.12279569625854492,0.001385047882795334,0.004166259765625,1.0,37.470042078302235,758367.2158119315,-0.00012627969263121486,0.004400322586297989,-1.4215764999389648,0.0018903320655226708,0.009641602635383606
259,212172800,0.00014519999999999998,0.12286718368530274,0.0013565501570701598,0.004112548828125,1.0,37.528953280454814,763315.772968587,-0.00023709451779723166,0.004108372703194618,-1.4277713775634766,0.0016814470291137695,0.007746583223342896
260,212992000,0.0001446,0.12284217834472656,0.0012504859268665314,0.00377197265625,1.0,37.505952926092135,757371.066276259,-0.00018033968517556788,0.003739197179675102,-1.4365822792053222,0.001847381517291069,0.008544555306434632
261,213811200,0.00014399999999999998,0.12293421745300293,0.0012544894218444824,0.0038525390625,1.0,37.58311139682248,760863.2652507098,-0.00013263740111142398,0.0037747181951999663,-1.4467509269714356,0.0018778515979647637,0.009745237976312637
262,214630400,0.0001434,0.1229320240020752,0.0013108925521373748,0.00399658203125,1.0,37.37791545189504,758916.1777993848,-0.00020596664398908615,0.00436229445040226,-1.4546067237854003,0.0019475812092423438,0.010164306312799454
263,215449600,0.00014279999999999997,0.12275863647460937,0.001304757297039032,0.003934326171875,1.0,37.55129500367377,757539.4185040098,-0.00010956597980111837,0.0039562959223985675,-1.462026882171631,0.0017576273530721664,0.00814843773841858
264,216268800,0.0001422,0.1230733871459961,0.00125166118144989,0.003890380859375,1.0,37.48176548450409,757419.5189668916,-0.00012251267908141016,0.0037452880293130874,-1.4708067893981933,0.0018381822854280471,0.009504637122154236
265,217088000,0.00014159999999999997,0.12280660629272461,0.0013624341785907746,0.0041748046875,1.0,37.43871439674484,756877.6379705574,-0.0001760368817485869,0.00425260066986084,-1.4792628288269043,0.0017676034942269326,0.007751831412315368
266,217907200,0.00014099999999999998,0.12265186309814453,0.001141369268298149,0.00358154296875,1.0,37.43170274104242,759258.7309815714,-0.00012054227991029621,0.003352094441652298,-1.485464096069336,0.001693507470190525,0.007094115763902664
267,218726400,0.00014039999999999997,0.12310143470764161,0.0013897719979286194,0.004173583984375,1.0,37.47693363844394,762250.9168977803,-0.0001114613376557827,0.004025867953896522,-1.493588638305664,0.0015795279294252395,0.005827515199780464
268,219545600,0.00013979999999999998,0.12283183097839355,0.0011662566661834717,0.003675537109375,1.0,37.46368,759463.7012102017,-0.00016552942106500267,0.003863399475812912,-1.5040362358093262,0.00171369556337595,0.007186280190944671
269,220364800,0.00013919999999999997,0.12317838668823242,0.0012720736861228943,0.003829345703125,1.0,37.521980288792115,764639.2198154209,-0.00022224746644496917,0.004154578968882561,-1.5103553771972655,0.0017888294532895088,0.008903688937425613
270,221184000,0.00013859999999999998,0.12319321632385254,0.0013154664635658265,0.003985595703125,1.0,37.5533357771261,761905.6966699949,-0.00016915908781811595,0.003908790275454521,-1.5149744033813477,0.0018823977559804916,0.009411986917257309
271,222003200,0.00013799999999999997,0.12284393310546875,0.001247822642326355,0.003902587890625,1.0,37.49780721790772,763616.2024694621,-0.00030268982518464325,0.004303830116987229,-1.5227567672729492,0.0017635190859436988,0.008630004525184632
272,222822400,0.00013739999999999998,0.12273200035095215,0.0013105508685112,0.00403564453125,1.0,37.51949241834257,767115.2122775693,-0.00012111873365938663,0.003807643800973892,-1.5325286865234375,0.0017499828711152077,0.007547728717327118
273,223641600,0.00013679999999999996,0.12284089088439941,0.00131372332572937,0.003995361328125,1.0,37.4119935912108,762112.4021515446,-0.00016316426917910575,0.0036596428602933885,-1.5407285690307617,0.0017875012010335923,0.007703980058431625
274,224460800,0.00013619999999999998,0.12270204544067383,0.0013229478895664215,0.004102783203125,1.0,37.41062229313882,756797.8886718552,-0.0001094572595320642,0.003801228478550911,-1.5503880500793457,0.0017059193924069405,0.006536376476287842
275,225280000,0.00013559999999999996,0.12277299880981446,0.0013104312121868134,0.0040185546875,1.0,37.50550711335475,747838.8895930813,-0.00014284098288044333,0.003990540653467179,-1.5606743812561035,0.0018114104866981506,0.008412721753120422
276,226099200,0.00013499999999999997,0.12309501647949218,0.0012709593772888184,0.003880615234375,1.0,37.49091158202411,757643.3156816352,-0.0002392830094322562,0.0039015043526887893,-1.5686283111572266,0.0018610641360282897,0.00860864222049713
277,226918400,0.0001344,0.12276304244995118,0.0013622468709945678,0.004176025390625,1.0,37.51561927445951,723410.6221195281,-0.00019161361269652842,0.003883939981460571,-1.5773001670837403,0.0017717616632580758,0.00805041715502739
278,227737600,0.00013379999999999997,0.12304917335510254,0.0012134957313537599,0.003741455078125,1.0,37.40329218106996,759410.5664728269,-0.00014266796642914414,0.0034272078424692153,-1.5845036506652832,0.0017261125147342681,0.007768066227436065
279,228556800,0.00013319999999999999,0.12286105155944824,0.0012415491044521331,0.0038232421875,1.0,37.42289985869912,763628.3775021717,-0.00016607617726549506,0.00361948199570179,-1.5892047882080078,0.0016504839062690736,0.006886840611696243
280,229376000,0.00013259999999999997,0.12292695045471191,0.0012326399236917496,0.00380859375,1.0,37.388947200292066,757572.6625395771,-0.00013662693090736865,0.003373042121529579,-1.595779800415039,0.0018408363685011864,0.008643555641174316
281,230195200,0.00013199999999999998,0.12262937545776367,0.0012726105749607086,0.003927001953125,1.0,37.41705206282339,761420.9643151917,-0.00015243960078805685,0.003540719673037529,-1.6023384094238282,0.001939952000975609,0.010158689320087433
282,231014400,0.00013139999999999997,0.12289678573608398,0.0012557855248451232,0.003876953125,1.0,37.58124083577712,755639.2169238633,-0.00023359307087957858,0.003373279049992561,-1.6100412368774415,0.0017320044338703156,0.00750415101647377
283,231833600,0.0001308,0.12272978782653808,0.0012364481389522553,0.003831787109375,1.0,37.50607361402868,759366.4664634179,-0.00022313266526907682,0.0034373246133327486,-1.6188226699829102,0.0018416689708828926,0.008501581847667694
284,232652800,0.0001302,0.1232321548461914,0.0012149165570735931,0.003798828125,1.0,37.3583923270153,764437.1897170604,-0.00018729816656559706,0.0032625194638967515,-1.6252325057983399,0.0016856841742992402,0.007089600712060928
285,233472000,0.0001296,0.1228836727142334,0.001302691400051117,0.003944091796875,1.0,37.522476286486736,757098.4030024823,-0.00018997344886884093,0.003393338993191719,-1.6301990509033204,0.0018986085429787635,0.009058715403079986
286,234291200,0.000129,0.1228968334197998,0.0012697845697402955,0.003900146484375,1.0,37.44843049327354,762495.591025574,-0.0001935036154463887,0.0039713926613330845,-1.6360868453979491,0.0017383156344294548,0.008674927800893784
287,235110400,0.0001284,0.12289217948913574,0.001287936121225357,0.004000244140625,1.0,37.45209854014598,762458.794850606,-0.00018200129270553588,0.0036752324551343916,-1.6439298629760741,0.0017384080216288566,0.008533324301242828
288,235929600,0.0001278,0.12289581298828126,0.0013625207543373108,0.004237060546875,1.0,37.50715859030837,762555.0338124019,-0.00011434989282861352,0.004148703813552856,-1.6515806198120118,0.002023006044328213,0.010953370481729507
289,236748800,0.0001272,0.12322690010070801,0.0013170038163661957,0.003934326171875,1.0,37.47817957955219,767093.8700076687,-0.00022535740863531827,0.004025377705693245,-1.655739974975586,0.0016473731026053428,0.00718078687787056
290,237568000,0.00012660000000000001,0.12275638580322265,0.001210544928908348,0.003707275390625,1.0,37.450853039381606,761952.2053661789,-0.00017510208999738097,0.003413497656583786,-1.6621227264404297,0.00165951456874609,0.006536377221345901
291,238387200,0.000126,0.12290018081665038,0.0011780332773923875,0.003594970703125,1.0,37.374834255406704,763829.8497523997,-0.00022258232347667218,0.0035086702555418015,-1.6702550888061523,0.0016443267464637755,0.006894164532423019
292,239206400,0.0001254,0.12288032531738281,0.0013253329694271087,0.00396240234375,1.0,37.4414789086422,767290.656282489,-0.00022385611664503812,0.0038368292152881622,-1.6768348693847657,0.0017176985740661622,0.007908446341753006
293,240025600,0.0001248,0.12304485321044922,0.0012468739598989486,0.00376708984375,1.0,37.476543209876546,755181.9108186287,-0.00018017764668911695,0.0035050537437200545,-1.684820556640625,0.001962023973464966,0.010315673798322678
294,240844800,0.0001242,0.12290421485900879,0.0013663925230503083,0.0039990234375,1.0,37.46693817782455,759596.6231483178,-0.0002810514997690916,0.0036334086209535597,-1.6945425033569337,0.0019243046641349792,0.008458983153104782
295,241664000,0.0001236,0.1229476547241211,0.0011836253106594086,0.00367919921875,1.0,37.36263686131387,756607.3250001371,-0.00019095505122095345,0.0031003205105662344,-1.7038366317749023,0.001804056577384472,0.008854125440120698
296,242483200,0.000123,0.12291969299316406,0.0013270509243011475,0.004111328125,1.0,37.48814862267777,756528.135781696,-0.00020333332940936089,0.003706919029355049,-1.710667037963867,0.0017996139824390412,0.007706419378519058
297,243302400,0.0001224,0.12308526992797851,0.0012692302465438844,0.003824462890625,1.0,37.33766115438932,750365.2663805644,-0.00018975117709487676,0.0031724847853183747,-1.7181747436523438,0.0018978321924805642,0.009328125417232514
298,244121600,0.00012179999999999999,0.12294052124023437,0.0012869367003440857,0.003966064453125,1.0,37.44721293454862,754654.21661053,-0.00016261457931250335,0.003504418954253197,-1.7260072708129883,0.0017179084941744804,0.0072777092456817625
299,244940800,0.00012119999999999999,0.12316081047058106,0.001272055059671402,0.003914794921875,1.0,37.42276348736627,758926.7368232874,-0.00014590771170333027,0.0031572896987199783,-1.7315509796142579,0.0018028950318694115,0.008570922166109085
300,245760000,0.00012059999999999999,0.12282926559448243,0.0012912224233150482,0.003931884765625,1.0,37.45325156743399,753732.5784851083,-0.0002332253847271204,0.003431912139058113,-1.7364402770996095,0.0018390879034996034,0.00856970027089119
301,246579200,0.00011999999999999999,0.12304281234741211,0.0011297388374805451,0.00343994140625,1.0,37.410147508791155,758032.7338709957,-0.00027865476440638306,0.0029700474813580515,-1.743133544921875,0.0018399007618427276,0.007945923507213593
302,247398400,0.0001194,0.1230936050415039,0.0012367820739746093,0.003843994140625,1.0,37.47393646156655,753045.427498069,-0.00019685206934809684,0.0033404309302568435,-1.750948715209961,0.0017980966717004777,0.008231689780950546
303,248217600,0.0001188,0.12275203704833984,0.0012002690136432648,0.003751220703125,1.0,37.57607246310175,756305.1884846366,6.52883027214557e-05,0.003936514258384705,-1.758139419555664,0.0021037202328443526,0.012908448278903962
304,249036800,0.0001182,0.12285680770874023,0.0012290029227733613,0.003834228515625,1.0,37.47660858828372,761181.6633987813,-0.0002705708844587207,0.00311858169734478,-1.7619186401367188,0.001576048880815506,0.006489866971969604
305,249856000,0.0001176,0.12301765441894531,0.0012882617115974426,0.00390380859375,1.0,37.38039161988224,758727.7693466407,-0.00018212890718132256,0.0038540907204151153,-1.7641700744628905,0.0015935972332954407,0.0060900870710611345
306,250675200,0.000117,0.1225294303894043,0.0012161340564489365,0.003692626953125,1.0,37.501948022184536,764163.8426791842,-0.00023233566898852586,0.003401108458638191,-1.7676437377929688,0.0019186006858944893,0.009528807550668716
307,251494400,0.0001164,0.12294588088989258,0.0012308166921138764,0.00378662109375,1.0,37.36731716213752,766768.0445421238,-0.00017652310198172926,0.0030839014798402786,-1.7727285385131837,0.0018369069322943688,0.009598632901906967
308,252313600,0.0001158,0.1227290153503418,0.0013738521933555604,0.004183349609375,1.0,37.51497964597722,762498.2823589548,-0.00017105056904256343,0.003206092119216919,-1.7791128158569336,0.0017193038016557693,0.00736401453614235
309,253132800,0.0001152,0.12264410018920899,0.0013643985986709596,0.004091796875,1.0,37.50507544581619,765331.261451544,-3.801786224357784e-05,0.003588385507464409,-1.7867935180664063,0.0019023621454834938,0.008404908329248428
310,253952000,0.0001146,0.12321813583374024,0.0012635268270969392,0.00384765625,1.0,37.41551613788059,764679.8671638803,-0.00018269112333655358,0.0032623637467622756,-1.7949405670166017,0.001684964820742607,0.00762951672077179
311,254771200,0.00011399999999999999,0.12308858871459961,0.0013359835743904113,0.004185791015625,1.0,37.43563722801243,762499.9040753668,-0.00016898977337405087,0.003392765298485756,-1.8011793136596679,0.0016014784574508666,0.006966063380241394
312,255590400,0.00011339999999999999,0.12312024116516113,0.0011802784353494645,0.00361328125,1.0,37.43347796300525,764701.4432865091,-9.905511979013681e-05,0.003103654272854328,-1.8060380935668945,0.0016926931217312812,0.007377929985523224
313,256409600,0.00011279999999999999,0.12311958312988282,0.0012738776206970214,0.00383544921875,1.0,37.36566857142857,756259.0502625069,-0.0001551746390759945,0.0033057603985071184,-1.8087804794311524,0.0016909589990973472,0.00807849019765854
